<beans xmlns="http://www.springframework.org/schema/beans"
    xmlns:xsi="http://www.w3.org/2001/XMLSchema-instance"
    xmlns:context="http://www.springframework.org/schema/context"
    xmlns:mvc="http://www.springframework.org/schema/mvc"
    xmlns:websocket="http://www.springframework.org/schema/websocket"
    xsi:schemaLocation="http://www.springframework.org/schema/mvc http://www.springframework.org/schema/mvc/spring-mvc-4.3.xsd
        http://www.springframework.org/schema/websocket http://www.springframework.org/schema/websocket/spring-websocket-4.3.xsd
        http://www.springframework.org/schema/beans http://www.springframework.org/schema/beans/spring-beans-4.3.xsd
        http://www.springframework.org/schema/context http://www.springframework.org/schema/context/spring-context-4.3.xsd">

	<!-- 加载db.properties文件中的内容，db.properties文件中key命名要有一定的特殊规则 -->
	<context:property-placeholder location="classpath:db.properties" />


	<bean id="dataSource" class="com.alibaba.druid.pool.DruidDataSource" init-method="init" destroy-method="close">
		<property name="driverClassName" value="${jdbc.driver}" />
		<property name="url" value="${jdbc.url}" />
		<property name="username" value="${jdbc.username}" />
		<property name="password" value="${jdbc.password}" />
		<property name="maxActive" value="100" />
		<property name="minIdle" value="10" />
		
	   <!-- 配置获取连接等待超时的时间 --> 
       <property name="maxWait" value="10000" />

       <!-- 配置间隔多久才进行一次检测，检测需要关闭的空闲连接，单位是毫秒 --> 
       <property name="timeBetweenEvictionRunsMillis" value="60000" />

       <!-- 配置一个连接在池中最小生存的时间，单位是毫秒 --> 
       <property name="minEvictableIdleTimeMillis" value="300000" />

       <property name="testWhileIdle" value="true" />

       <!-- 这里建议配置为TRUE，防止取到的连接不可用 --> 
       <property name="testOnBorrow" value="true" /> 
       <property name="testOnReturn" value="false" />
	</bean>

	<!-- sqlSessionFactory -->
	<bean id="sqlSessionFactory" class="org.mybatis.spring.SqlSessionFactoryBean">
		<!-- 数据库连接池 -->
		<property name="dataSource" ref="dataSource" />
		<!-- 加载mybatis的全局配置文件 -->
		<property name="configLocation" value="classpath:mybatis/sqlMapConfig.xml" />
	</bean>
	<!-- mapper扫描器 -->
	<bean class="org.mybatis.spring.mapper.MapperScannerConfigurer">
		<!-- 扫描包路径，如果需要扫描多个包，中间使用半角逗号隔开 -->
		<property name="basePackage" value="com.product.mapper"></property>
		<property name="sqlSessionFactoryBeanName" value="sqlSessionFactory" />
	</bean>




</beans>