<?xml version="1.0" encoding="UTF-8" ?>
<!DOCTYPE mapper PUBLIC "-//mybatis.org//DTD Mapper 3.0//EN" "http://mybatis.org/dtd/mybatis-3-mapper.dtd" >
<mapper namespace="com.product.mapper.OrderinfoMapper" >
  <resultMap id="BaseResultMap" type="com.product.po.Orderinfo" >
    <id column="id" property="id" jdbcType="INTEGER" />
    <result column="helpId" property="helpId" jdbcType="INTEGER" />
    <result column="userId" property="userId" jdbcType="INTEGER" />
    <result column="time" property="time" jdbcType="VARCHAR" />
  </resultMap>
  <sql id="Example_Where_Clause" >
    <where >
      <foreach collection="oredCriteria" item="criteria" separator="or" >
        <if test="criteria.valid" >
          <trim prefix="(" suffix=")" prefixOverrides="and" >
            <foreach collection="criteria.criteria" item="criterion" >
              <choose >
                <when test="criterion.noValue" >
                  and ${criterion.condition}
                </when>
                <when test="criterion.singleValue" >
                  and ${criterion.condition} #{criterion.value}
                </when>
                <when test="criterion.betweenValue" >
                  and ${criterion.condition} #{criterion.value} and #{criterion.secondValue}
                </when>
                <when test="criterion.listValue" >
                  and ${criterion.condition}
                  <foreach collection="criterion.value" item="listItem" open="(" close=")" separator="," >
                    #{listItem}
                  </foreach>
                </when>
              </choose>
            </foreach>
          </trim>
        </if>
      </foreach>
    </where>
  </sql>
  <sql id="Update_By_Example_Where_Clause" >
    <where >
      <foreach collection="example.oredCriteria" item="criteria" separator="or" >
        <if test="criteria.valid" >
          <trim prefix="(" suffix=")" prefixOverrides="and" >
            <foreach collection="criteria.criteria" item="criterion" >
              <choose >
                <when test="criterion.noValue" >
                  and ${criterion.condition}
                </when>
                <when test="criterion.singleValue" >
                  and ${criterion.condition} #{criterion.value}
                </when>
                <when test="criterion.betweenValue" >
                  and ${criterion.condition} #{criterion.value} and #{criterion.secondValue}
                </when>
                <when test="criterion.listValue" >
                  and ${criterion.condition}
                  <foreach collection="criterion.value" item="listItem" open="(" close=")" separator="," >
                    #{listItem}
                  </foreach>
                </when>
              </choose>
            </foreach>
          </trim>
        </if>
      </foreach>
    </where>
  </sql>
  <sql id="Base_Column_List" >
    id, helpId, userId, time
  </sql>
  <select id="selectByExample" resultMap="BaseResultMap" parameterType="com.product.po.OrderinfoExample" >
    select
    <if test="distinct" >
      distinct
    </if>
    <include refid="Base_Column_List" />
    from orderinfo
    <if test="_parameter != null" >
      <include refid="Example_Where_Clause" />
    </if>
    <if test="orderByClause != null" >
      order by ${orderByClause}
    </if>
  </select>
  <select id="selectByPrimaryKey" resultMap="BaseResultMap" parameterType="java.lang.Integer" >
    select 
    <include refid="Base_Column_List" />
    from orderinfo
    where id = #{id,jdbcType=INTEGER}
  </select>
  <delete id="deleteByPrimaryKey" parameterType="java.lang.Integer" >
    delete from orderinfo
    where id = #{id,jdbcType=INTEGER}
  </delete>
  <delete id="deleteByExample" parameterType="com.product.po.OrderinfoExample" >
    delete from orderinfo
    <if test="_parameter != null" >
      <include refid="Example_Where_Clause" />
    </if>
  </delete>
  <insert id="insert" parameterType="com.product.po.Orderinfo" >
    insert into orderinfo (id, helpId, userId, 
      time)
    values (#{id,jdbcType=INTEGER}, #{helpId,jdbcType=INTEGER}, #{userId,jdbcType=INTEGER}, 
      #{time,jdbcType=VARCHAR})
  </insert>
  <insert id="insertSelective" parameterType="com.product.po.Orderinfo" >
    insert into orderinfo
    <trim prefix="(" suffix=")" suffixOverrides="," >
      <if test="id != null" >
        id,
      </if>
      <if test="helpId != null" >
        helpId,
      </if>
      <if test="userId != null" >
        userId,
      </if>
      <if test="time != null" >
        time,
      </if>
    </trim>
    <trim prefix="values (" suffix=")" suffixOverrides="," >
      <if test="id != null" >
        #{id,jdbcType=INTEGER},
      </if>
      <if test="helpId != null" >
        #{helpId,jdbcType=INTEGER},
      </if>
      <if test="userId != null" >
        #{userId,jdbcType=INTEGER},
      </if>
      <if test="time != null" >
        #{time,jdbcType=VARCHAR},
      </if>
    </trim>
  </insert>
  <select id="countByExample" parameterType="com.product.po.OrderinfoExample" resultType="java.lang.Integer" >
    select count(*) from orderinfo
    <if test="_parameter != null" >
      <include refid="Example_Where_Clause" />
    </if>
  </select>
  <update id="updateByExampleSelective" parameterType="map" >
    update orderinfo
    <set >
      <if test="record.id != null" >
        id = #{record.id,jdbcType=INTEGER},
      </if>
      <if test="record.helpId != null" >
        helpId = #{record.helpId,jdbcType=INTEGER},
      </if>
      <if test="record.userId != null" >
        userId = #{record.userId,jdbcType=INTEGER},
      </if>
      <if test="record.time != null" >
        time = #{record.time,jdbcType=VARCHAR},
      </if>
    </set>
    <if test="_parameter != null" >
      <include refid="Update_By_Example_Where_Clause" />
    </if>
  </update>
  <update id="updateByExample" parameterType="map" >
    update orderinfo
    set id = #{record.id,jdbcType=INTEGER},
      helpId = #{record.helpId,jdbcType=INTEGER},
      userId = #{record.userId,jdbcType=INTEGER},
      time = #{record.time,jdbcType=VARCHAR}
    <if test="_parameter != null" >
      <include refid="Update_By_Example_Where_Clause" />
    </if>
  </update>
  <update id="updateByPrimaryKeySelective" parameterType="com.product.po.Orderinfo" >
    update orderinfo
    <set >
      <if test="helpId != null" >
        helpId = #{helpId,jdbcType=INTEGER},
      </if>
      <if test="userId != null" >
        userId = #{userId,jdbcType=INTEGER},
      </if>
      <if test="time != null" >
        time = #{time,jdbcType=VARCHAR},
      </if>
    </set>
    where id = #{id,jdbcType=INTEGER}
  </update>
  <update id="updateByPrimaryKey" parameterType="com.product.po.Orderinfo" >
    update orderinfo
    set helpId = #{helpId,jdbcType=INTEGER},
      userId = #{userId,jdbcType=INTEGER},
      time = #{time,jdbcType=VARCHAR}
    where id = #{id,jdbcType=INTEGER}
  </update>
</mapper>