<?xml version="1.0" encoding="UTF-8" ?>
<!DOCTYPE mapper PUBLIC "-//mybatis.org//DTD Mapper 3.0//EN" "http://mybatis.org/dtd/mybatis-3-mapper.dtd" >
<mapper namespace="com.product.mapper.UserMapper" >
  <resultMap id="BaseResultMap" type="com.product.po.User" >
    <id column="user_id" property="user_id" jdbcType="INTEGER" />
    <result column="user_name" property="user_name" jdbcType="VARCHAR" />
    <result column="password" property="password" jdbcType="VARCHAR" />
    <result column="user_img" property="user_img" jdbcType="VARCHAR" />
    <result column="wechat" property="wechat" jdbcType="VARCHAR" />
    <result column="email" property="email" jdbcType="VARCHAR" />
    <result column="createtime" property="createtime" jdbcType="TIMESTAMP" />
    <result column="gender" property="gender" jdbcType="VARCHAR" />
    <result column="status" property="status" jdbcType="INTEGER" />
    <result column="type" property="type" jdbcType="INTEGER" />
  </resultMap>
  <sql id="Example_Where_Clause" >
    <where >
      <foreach collection="oredCriteria" item="criteria" separator="or" >
        <if test="criteria.valid" >
          <trim prefix="(" suffix=")" prefixOverrides="and" >
            <foreach collection="criteria.criteria" item="criterion" >
              <choose >
                <when test="criterion.noValue" >
                  and ${criterion.condition}
                </when>
                <when test="criterion.singleValue" >
                  and ${criterion.condition} #{criterion.value}
                </when>
                <when test="criterion.betweenValue" >
                  and ${criterion.condition} #{criterion.value} and #{criterion.secondValue}
                </when>
                <when test="criterion.listValue" >
                  and ${criterion.condition}
                  <foreach collection="criterion.value" item="listItem" open="(" close=")" separator="," >
                    #{listItem}
                  </foreach>
                </when>
              </choose>
            </foreach>
          </trim>
        </if>
      </foreach>
    </where>
  </sql>
  <sql id="Update_By_Example_Where_Clause" >
    <where >
      <foreach collection="example.oredCriteria" item="criteria" separator="or" >
        <if test="criteria.valid" >
          <trim prefix="(" suffix=")" prefixOverrides="and" >
            <foreach collection="criteria.criteria" item="criterion" >
              <choose >
                <when test="criterion.noValue" >
                  and ${criterion.condition}
                </when>
                <when test="criterion.singleValue" >
                  and ${criterion.condition} #{criterion.value}
                </when>
                <when test="criterion.betweenValue" >
                  and ${criterion.condition} #{criterion.value} and #{criterion.secondValue}
                </when>
                <when test="criterion.listValue" >
                  and ${criterion.condition}
                  <foreach collection="criterion.value" item="listItem" open="(" close=")" separator="," >
                    #{listItem}
                  </foreach>
                </when>
              </choose>
            </foreach>
          </trim>
        </if>
      </foreach>
    </where>
  </sql>
  <sql id="Base_Column_List" >
    user_id, user_name, password, user_img, wechat, email, createtime, gender, status, 
    type
  </sql>
  <select id="selectByExample" resultMap="BaseResultMap" parameterType="com.product.po.UserExample" >
    select
    <if test="distinct" >
      distinct
    </if>
    <include refid="Base_Column_List" />
    from user
    <if test="_parameter != null" >
      <include refid="Example_Where_Clause" />
    </if>
    <if test="orderByClause != null" >
      order by ${orderByClause}
    </if>
  </select>
  <select id="selectByPrimaryKey" resultMap="BaseResultMap" parameterType="java.lang.Integer" >
    select 
    <include refid="Base_Column_List" />
    from user
    where user_id = #{user_id,jdbcType=INTEGER}
  </select>
  <delete id="deleteByPrimaryKey" parameterType="java.lang.Integer" >
    delete from user
    where user_id = #{user_id,jdbcType=INTEGER}
  </delete>
  <delete id="deleteByExample" parameterType="com.product.po.UserExample" >
    delete from user
    <if test="_parameter != null" >
      <include refid="Example_Where_Clause" />
    </if>
  </delete>
  <insert id="insert" parameterType="com.product.po.User" >
    insert into user (user_id, user_name, password, 
      user_img, wechat, email, 
      createtime, gender, status, 
      type)
    values (#{user_id,jdbcType=INTEGER}, #{user_name,jdbcType=VARCHAR}, #{password,jdbcType=VARCHAR}, 
      #{user_img,jdbcType=VARCHAR}, #{wechat,jdbcType=VARCHAR}, #{email,jdbcType=VARCHAR}, 
      #{createtime,jdbcType=TIMESTAMP}, #{gender,jdbcType=VARCHAR}, #{status,jdbcType=INTEGER}, 
      #{type,jdbcType=INTEGER})
  </insert>
  <insert id="insertSelective" parameterType="com.product.po.User" >
    insert into user
    <trim prefix="(" suffix=")" suffixOverrides="," >
      <if test="user_id != null" >
        user_id,
      </if>
      <if test="user_name != null" >
        user_name,
      </if>
      <if test="password != null" >
        password,
      </if>
      <if test="user_img != null" >
        user_img,
      </if>
      <if test="wechat != null" >
        wechat,
      </if>
      <if test="email != null" >
        email,
      </if>
      <if test="createtime != null" >
        createtime,
      </if>
      <if test="gender != null" >
        gender,
      </if>
      <if test="status != null" >
        status,
      </if>
      <if test="type != null" >
        type,
      </if>
    </trim>
    <trim prefix="values (" suffix=")" suffixOverrides="," >
      <if test="user_id != null" >
        #{user_id,jdbcType=INTEGER},
      </if>
      <if test="user_name != null" >
        #{user_name,jdbcType=VARCHAR},
      </if>
      <if test="password != null" >
        #{password,jdbcType=VARCHAR},
      </if>
      <if test="user_img != null" >
        #{user_img,jdbcType=VARCHAR},
      </if>
      <if test="wechat != null" >
        #{wechat,jdbcType=VARCHAR},
      </if>
      <if test="email != null" >
        #{email,jdbcType=VARCHAR},
      </if>
      <if test="createtime != null" >
        #{createtime,jdbcType=TIMESTAMP},
      </if>
      <if test="gender != null" >
        #{gender,jdbcType=VARCHAR},
      </if>
      <if test="status != null" >
        #{status,jdbcType=INTEGER},
      </if>
      <if test="type != null" >
        #{type,jdbcType=INTEGER},
      </if>
    </trim>
  </insert>
  <select id="countByExample" parameterType="com.product.po.UserExample" resultType="java.lang.Integer" >
    select count(*) from user
    <if test="_parameter != null" >
      <include refid="Example_Where_Clause" />
    </if>
  </select>
  <update id="updateByExampleSelective" parameterType="map" >
    update user
    <set >
      <if test="record.user_id != null" >
        user_id = #{record.user_id,jdbcType=INTEGER},
      </if>
      <if test="record.user_name != null" >
        user_name = #{record.user_name,jdbcType=VARCHAR},
      </if>
      <if test="record.password != null" >
        password = #{record.password,jdbcType=VARCHAR},
      </if>
      <if test="record.user_img != null" >
        user_img = #{record.user_img,jdbcType=VARCHAR},
      </if>
      <if test="record.wechat != null" >
        wechat = #{record.wechat,jdbcType=VARCHAR},
      </if>
      <if test="record.email != null" >
        email = #{record.email,jdbcType=VARCHAR},
      </if>
      <if test="record.createtime != null" >
        createtime = #{record.createtime,jdbcType=TIMESTAMP},
      </if>
      <if test="record.gender != null" >
        gender = #{record.gender,jdbcType=VARCHAR},
      </if>
      <if test="record.status != null" >
        status = #{record.status,jdbcType=INTEGER},
      </if>
      <if test="record.type != null" >
        type = #{record.type,jdbcType=INTEGER},
      </if>
    </set>
    <if test="_parameter != null" >
      <include refid="Update_By_Example_Where_Clause" />
    </if>
  </update>
  <update id="updateByExample" parameterType="map" >
    update user
    set user_id = #{record.user_id,jdbcType=INTEGER},
      user_name = #{record.user_name,jdbcType=VARCHAR},
      password = #{record.password,jdbcType=VARCHAR},
      user_img = #{record.user_img,jdbcType=VARCHAR},
      wechat = #{record.wechat,jdbcType=VARCHAR},
      email = #{record.email,jdbcType=VARCHAR},
      createtime = #{record.createtime,jdbcType=TIMESTAMP},
      gender = #{record.gender,jdbcType=VARCHAR},
      status = #{record.status,jdbcType=INTEGER},
      type = #{record.type,jdbcType=INTEGER}
    <if test="_parameter != null" >
      <include refid="Update_By_Example_Where_Clause" />
    </if>
  </update>
  <update id="updateByPrimaryKeySelective" parameterType="com.product.po.User" >
    update user
    <set >
      <if test="user_name != null" >
        user_name = #{user_name,jdbcType=VARCHAR},
      </if>
      <if test="password != null" >
        password = #{password,jdbcType=VARCHAR},
      </if>
      <if test="user_img != null" >
        user_img = #{user_img,jdbcType=VARCHAR},
      </if>
      <if test="wechat != null" >
        wechat = #{wechat,jdbcType=VARCHAR},
      </if>
      <if test="email != null" >
        email = #{email,jdbcType=VARCHAR},
      </if>
      <if test="createtime != null" >
        createtime = #{createtime,jdbcType=TIMESTAMP},
      </if>
      <if test="gender != null" >
        gender = #{gender,jdbcType=VARCHAR},
      </if>
      <if test="status != null" >
        status = #{status,jdbcType=INTEGER},
      </if>
      <if test="type != null" >
        type = #{type,jdbcType=INTEGER},
      </if>
    </set>
    where user_id = #{user_id,jdbcType=INTEGER}
  </update>
  <update id="updateByPrimaryKey" parameterType="com.product.po.User" >
    update user
    set user_name = #{user_name,jdbcType=VARCHAR},
      password = #{password,jdbcType=VARCHAR},
      user_img = #{user_img,jdbcType=VARCHAR},
      wechat = #{wechat,jdbcType=VARCHAR},
      email = #{email,jdbcType=VARCHAR},
      createtime = #{createtime,jdbcType=TIMESTAMP},
      gender = #{gender,jdbcType=VARCHAR},
      status = #{status,jdbcType=INTEGER},
      type = #{type,jdbcType=INTEGER}
    where user_id = #{user_id,jdbcType=INTEGER}
  </update>
</mapper>